gs://{seu-projeto}-vcm/imgs/carros/city/0048.jpg,city
gs://{seu-projeto}-vcm/imgs/carros/city/0070.jpg,city
gs://{seu-projeto}-vcm/imgs/carros/city/0065.jpg,city
gs://{seu-projeto}-vcm/imgs/carros/city/0058.jpg,city
gs://{seu-projeto}-vcm/imgs/carros/city/0082.jpg,city
gs://{seu-projeto}-vcm/imgs/carros/city/0024.jpg,city
gs://{seu-projeto}-vcm/imgs/carros/city/0094.jpg,city
gs://{seu-projeto}-vcm/imgs/carros/city/0057.jpg,city
gs://{seu-projeto}-vcm/imgs/carros/city/0019.jpg,city
gs://{seu-projeto}-vcm/imgs/carros/city/0046.jpg,city
gs://{seu-projeto}-vcm/imgs/carros/city/0096.jpg,city
gs://{seu-projeto}-vcm/imgs/carros/city/0017.jpg,city
gs://{seu-projeto}-vcm/imgs/carros/city/0010.jpg,city
gs://{seu-projeto}-vcm/imgs/carros/city/0014.jpg,city
gs://{seu-projeto}-vcm/imgs/carros/city/0071.jpg,city
gs://{seu-projeto}-vcm/imgs/carros/city/0022.jpg,city
gs://{seu-projeto}-vcm/imgs/carros/city/0083.jpg,city
gs://{seu-projeto}-vcm/imgs/carros/city/0081.jpg,city
gs://{seu-projeto}-vcm/imgs/carros/city/0101.jpg,city
gs://{seu-projeto}-vcm/imgs/carros/city/0088.jpg,city
gs://{seu-projeto}-vcm/imgs/carros/city/0087.jpg,city
gs://{seu-projeto}-vcm/imgs/carros/city/0078.jpg,city
gs://{seu-projeto}-vcm/imgs/carros/city/0031.jpg,city
gs://{seu-projeto}-vcm/imgs/carros/city/0033.jpg,city
gs://{seu-projeto}-vcm/imgs/carros/city/0053.jpg,city
gs://{seu-projeto}-vcm/imgs/carros/city/0077.jpg,city
gs://{seu-projeto}-vcm/imgs/carros/city/0028.jpg,city
gs://{seu-projeto}-vcm/imgs/carros/city/0047.jpg,city
gs://{seu-projeto}-vcm/imgs/carros/city/0080.jpg,city
gs://{seu-projeto}-vcm/imgs/carros/city/0052.jpg,city
gs://{seu-projeto}-vcm/imgs/carros/city/0093.jpg,city
gs://{seu-projeto}-vcm/imgs/carros/city/0015.jpg,city
gs://{seu-projeto}-vcm/imgs/carros/city/0041.jpg,city
gs://{seu-projeto}-vcm/imgs/carros/city/0004.jpg,city
gs://{seu-projeto}-vcm/imgs/carros/city/0045.jpg,city
gs://{seu-projeto}-vcm/imgs/carros/city/0084.jpg,city
gs://{seu-projeto}-vcm/imgs/carros/city/0055.jpg,city
gs://{seu-projeto}-vcm/imgs/carros/city/0042.jpg,city
gs://{seu-projeto}-vcm/imgs/carros/city/0091.jpg,city
gs://{seu-projeto}-vcm/imgs/carros/city/0011.jpg,city
gs://{seu-projeto}-vcm/imgs/carros/city/0075.jpg,city
gs://{seu-projeto}-vcm/imgs/carros/city/0104.jpg,city
gs://{seu-projeto}-vcm/imgs/carros/city/0040.jpg,city
gs://{seu-projeto}-vcm/imgs/carros/city/0054.jpg,city
gs://{seu-projeto}-vcm/imgs/carros/city/0013.jpg,city
gs://{seu-projeto}-vcm/imgs/carros/city/0003.jpg,city
gs://{seu-projeto}-vcm/imgs/carros/city/0029.jpg,city
gs://{seu-projeto}-vcm/imgs/carros/city/0012.jpg,city
gs://{seu-projeto}-vcm/imgs/carros/city/0086.jpg,city
gs://{seu-projeto}-vcm/imgs/carros/city/0090.jpg,city
gs://{seu-projeto}-vcm/imgs/carros/city/0059.jpg,city
gs://{seu-projeto}-vcm/imgs/carros/city/0062.jpg,city
gs://{seu-projeto}-vcm/imgs/carros/city/0105.jpg,city
gs://{seu-projeto}-vcm/imgs/carros/city/0103.jpg,city
gs://{seu-projeto}-vcm/imgs/carros/city/0025.jpg,city
gs://{seu-projeto}-vcm/imgs/carros/city/0032.jpg,city
gs://{seu-projeto}-vcm/imgs/carros/city/0026.jpg,city
gs://{seu-projeto}-vcm/imgs/carros/city/0050.jpg,city
gs://{seu-projeto}-vcm/imgs/carros/city/0073.jpg,city
gs://{seu-projeto}-vcm/imgs/carros/city/0067.jpg,city
gs://{seu-projeto}-vcm/imgs/carros/city/0095.jpg,city
gs://{seu-projeto}-vcm/imgs/carros/city/0039.jpg,city
gs://{seu-projeto}-vcm/imgs/carros/city/0037.jpg,city
gs://{seu-projeto}-vcm/imgs/carros/city/0035.jpg,city
gs://{seu-projeto}-vcm/imgs/carros/city/0068.jpg,city
gs://{seu-projeto}-vcm/imgs/carros/city/0044.jpg,city
gs://{seu-projeto}-vcm/imgs/carros/city/0007.jpg,city
gs://{seu-projeto}-vcm/imgs/carros/city/0076.jpg,city
gs://{seu-projeto}-vcm/imgs/carros/city/0085.jpg,city
gs://{seu-projeto}-vcm/imgs/carros/city/0056.jpg,city
gs://{seu-projeto}-vcm/imgs/carros/city/0060.jpg,city
gs://{seu-projeto}-vcm/imgs/carros/city/0018.jpg,city
gs://{seu-projeto}-vcm/imgs/carros/city/0038.jpg,city
gs://{seu-projeto}-vcm/imgs/carros/city/0005.jpg,city
gs://{seu-projeto}-vcm/imgs/carros/city/0036.jpg,city
gs://{seu-projeto}-vcm/imgs/carros/city/0051.jpg,city
gs://{seu-projeto}-vcm/imgs/carros/city/0034.jpg,city
gs://{seu-projeto}-vcm/imgs/carros/city/0023.jpg,city
gs://{seu-projeto}-vcm/imgs/carros/city/0099.jpg,city
gs://{seu-projeto}-vcm/imgs/carros/city/0020.jpg,city
gs://{seu-projeto}-vcm/imgs/carros/city/0061.jpg,city
gs://{seu-projeto}-vcm/imgs/carros/city/0092.jpg,city
gs://{seu-projeto}-vcm/imgs/carros/city/0066.jpg,city
gs://{seu-projeto}-vcm/imgs/carros/city/0009.jpg,city
gs://{seu-projeto}-vcm/imgs/carros/city/0021.jpg,city
gs://{seu-projeto}-vcm/imgs/carros/city/0027.jpg,city
gs://{seu-projeto}-vcm/imgs/carros/city/0030.jpg,city
gs://{seu-projeto}-vcm/imgs/carros/city/0016.jpg,city
gs://{seu-projeto}-vcm/imgs/carros/city/0079.jpg,city
gs://{seu-projeto}-vcm/imgs/carros/city/0001.jpg,city
gs://{seu-projeto}-vcm/imgs/carros/city/0043.jpg,city
gs://{seu-projeto}-vcm/imgs/carros/city/0049.jpg,city
gs://{seu-projeto}-vcm/imgs/carros/city/0008.jpg,city
gs://{seu-projeto}-vcm/imgs/carros/city/0069.jpg,city
gs://{seu-projeto}-vcm/imgs/carros/city/0100.jpg,city
gs://{seu-projeto}-vcm/imgs/carros/city/0089.jpg,city
gs://{seu-projeto}-vcm/imgs/carros/city/0098.jpg,city
gs://{seu-projeto}-vcm/imgs/carros/city/0102.jpg,city
gs://{seu-projeto}-vcm/imgs/carros/city/0072.jpg,city
gs://{seu-projeto}-vcm/imgs/carros/city/0097.jpg,city
gs://{seu-projeto}-vcm/imgs/carros/city/0074.jpg,city
gs://{seu-projeto}-vcm/imgs/carros/city/0006.jpg,city
gs://{seu-projeto}-vcm/imgs/carros/city/0063.jpg,city
gs://{seu-projeto}-vcm/imgs/carros/city/0064.jpg,city
gs://{seu-projeto}-vcm/imgs/carros/city/0002.jpg,city
gs://{seu-projeto}-vcm/imgs/carros/fusca/0048.jpg,fusca
gs://{seu-projeto}-vcm/imgs/carros/fusca/0070.jpg,fusca
gs://{seu-projeto}-vcm/imgs/carros/fusca/0065.jpg,fusca
gs://{seu-projeto}-vcm/imgs/carros/fusca/0058.jpg,fusca
gs://{seu-projeto}-vcm/imgs/carros/fusca/0082.jpg,fusca
gs://{seu-projeto}-vcm/imgs/carros/fusca/0024.jpg,fusca
gs://{seu-projeto}-vcm/imgs/carros/fusca/0094.jpg,fusca
gs://{seu-projeto}-vcm/imgs/carros/fusca/0057.jpg,fusca
gs://{seu-projeto}-vcm/imgs/carros/fusca/0019.jpg,fusca
gs://{seu-projeto}-vcm/imgs/carros/fusca/0046.jpg,fusca
gs://{seu-projeto}-vcm/imgs/carros/fusca/0096.jpg,fusca
gs://{seu-projeto}-vcm/imgs/carros/fusca/0017.jpg,fusca
gs://{seu-projeto}-vcm/imgs/carros/fusca/0010.jpg,fusca
gs://{seu-projeto}-vcm/imgs/carros/fusca/0014.jpg,fusca
gs://{seu-projeto}-vcm/imgs/carros/fusca/0071.jpg,fusca
gs://{seu-projeto}-vcm/imgs/carros/fusca/0022.jpg,fusca
gs://{seu-projeto}-vcm/imgs/carros/fusca/0083.jpg,fusca
gs://{seu-projeto}-vcm/imgs/carros/fusca/0081.jpg,fusca
gs://{seu-projeto}-vcm/imgs/carros/fusca/0101.jpg,fusca
gs://{seu-projeto}-vcm/imgs/carros/fusca/0088.jpg,fusca
gs://{seu-projeto}-vcm/imgs/carros/fusca/0087.jpg,fusca
gs://{seu-projeto}-vcm/imgs/carros/fusca/0078.jpg,fusca
gs://{seu-projeto}-vcm/imgs/carros/fusca/0031.jpg,fusca
gs://{seu-projeto}-vcm/imgs/carros/fusca/0033.jpg,fusca
gs://{seu-projeto}-vcm/imgs/carros/fusca/0053.jpg,fusca
gs://{seu-projeto}-vcm/imgs/carros/fusca/0077.jpg,fusca
gs://{seu-projeto}-vcm/imgs/carros/fusca/0028.jpg,fusca
gs://{seu-projeto}-vcm/imgs/carros/fusca/0047.jpg,fusca
gs://{seu-projeto}-vcm/imgs/carros/fusca/0080.jpg,fusca
gs://{seu-projeto}-vcm/imgs/carros/fusca/0052.jpg,fusca
gs://{seu-projeto}-vcm/imgs/carros/fusca/0093.jpg,fusca
gs://{seu-projeto}-vcm/imgs/carros/fusca/0015.jpg,fusca
gs://{seu-projeto}-vcm/imgs/carros/fusca/0041.jpg,fusca
gs://{seu-projeto}-vcm/imgs/carros/fusca/0004.jpg,fusca
gs://{seu-projeto}-vcm/imgs/carros/fusca/0045.jpg,fusca
gs://{seu-projeto}-vcm/imgs/carros/fusca/0084.jpg,fusca
gs://{seu-projeto}-vcm/imgs/carros/fusca/0055.jpg,fusca
gs://{seu-projeto}-vcm/imgs/carros/fusca/0042.jpg,fusca
gs://{seu-projeto}-vcm/imgs/carros/fusca/0091.jpg,fusca
gs://{seu-projeto}-vcm/imgs/carros/fusca/0011.jpg,fusca
gs://{seu-projeto}-vcm/imgs/carros/fusca/0075.jpg,fusca
gs://{seu-projeto}-vcm/imgs/carros/fusca/0040.jpg,fusca
gs://{seu-projeto}-vcm/imgs/carros/fusca/0054.jpg,fusca
gs://{seu-projeto}-vcm/imgs/carros/fusca/0013.jpg,fusca
gs://{seu-projeto}-vcm/imgs/carros/fusca/0003.jpg,fusca
gs://{seu-projeto}-vcm/imgs/carros/fusca/0029.jpg,fusca
gs://{seu-projeto}-vcm/imgs/carros/fusca/0012.jpg,fusca
gs://{seu-projeto}-vcm/imgs/carros/fusca/0086.jpg,fusca
gs://{seu-projeto}-vcm/imgs/carros/fusca/0090.jpg,fusca
gs://{seu-projeto}-vcm/imgs/carros/fusca/0059.jpg,fusca
gs://{seu-projeto}-vcm/imgs/carros/fusca/0062.jpg,fusca
gs://{seu-projeto}-vcm/imgs/carros/fusca/0103.jpg,fusca
gs://{seu-projeto}-vcm/imgs/carros/fusca/0025.jpg,fusca
gs://{seu-projeto}-vcm/imgs/carros/fusca/0032.jpg,fusca
gs://{seu-projeto}-vcm/imgs/carros/fusca/0026.jpg,fusca
gs://{seu-projeto}-vcm/imgs/carros/fusca/0050.jpg,fusca
gs://{seu-projeto}-vcm/imgs/carros/fusca/0073.jpg,fusca
gs://{seu-projeto}-vcm/imgs/carros/fusca/0067.jpg,fusca
gs://{seu-projeto}-vcm/imgs/carros/fusca/0095.jpg,fusca
gs://{seu-projeto}-vcm/imgs/carros/fusca/0039.jpg,fusca
gs://{seu-projeto}-vcm/imgs/carros/fusca/0037.jpg,fusca
gs://{seu-projeto}-vcm/imgs/carros/fusca/0035.jpg,fusca
gs://{seu-projeto}-vcm/imgs/carros/fusca/0068.jpg,fusca
gs://{seu-projeto}-vcm/imgs/carros/fusca/0044.jpg,fusca
gs://{seu-projeto}-vcm/imgs/carros/fusca/0007.jpg,fusca
gs://{seu-projeto}-vcm/imgs/carros/fusca/0076.jpg,fusca
gs://{seu-projeto}-vcm/imgs/carros/fusca/0085.jpg,fusca
gs://{seu-projeto}-vcm/imgs/carros/fusca/0056.jpg,fusca
gs://{seu-projeto}-vcm/imgs/carros/fusca/0060.jpg,fusca
gs://{seu-projeto}-vcm/imgs/carros/fusca/0018.jpg,fusca
gs://{seu-projeto}-vcm/imgs/carros/fusca/0038.jpg,fusca
gs://{seu-projeto}-vcm/imgs/carros/fusca/0005.jpg,fusca
gs://{seu-projeto}-vcm/imgs/carros/fusca/0036.jpg,fusca
gs://{seu-projeto}-vcm/imgs/carros/fusca/0051.jpg,fusca
gs://{seu-projeto}-vcm/imgs/carros/fusca/0034.jpg,fusca
gs://{seu-projeto}-vcm/imgs/carros/fusca/0023.jpg,fusca
gs://{seu-projeto}-vcm/imgs/carros/fusca/0099.jpg,fusca
gs://{seu-projeto}-vcm/imgs/carros/fusca/0020.jpg,fusca
gs://{seu-projeto}-vcm/imgs/carros/fusca/0061.jpg,fusca
gs://{seu-projeto}-vcm/imgs/carros/fusca/0092.jpg,fusca
gs://{seu-projeto}-vcm/imgs/carros/fusca/0066.jpg,fusca
gs://{seu-projeto}-vcm/imgs/carros/fusca/0009.jpg,fusca
gs://{seu-projeto}-vcm/imgs/carros/fusca/0021.jpg,fusca
gs://{seu-projeto}-vcm/imgs/carros/fusca/0027.jpg,fusca
gs://{seu-projeto}-vcm/imgs/carros/fusca/0030.jpg,fusca
gs://{seu-projeto}-vcm/imgs/carros/fusca/0016.jpg,fusca
gs://{seu-projeto}-vcm/imgs/carros/fusca/0079.jpg,fusca
gs://{seu-projeto}-vcm/imgs/carros/fusca/0001.jpg,fusca
gs://{seu-projeto}-vcm/imgs/carros/fusca/0043.jpg,fusca
gs://{seu-projeto}-vcm/imgs/carros/fusca/0049.jpg,fusca
gs://{seu-projeto}-vcm/imgs/carros/fusca/0008.jpg,fusca
gs://{seu-projeto}-vcm/imgs/carros/fusca/0069.jpg,fusca
gs://{seu-projeto}-vcm/imgs/carros/fusca/0100.jpg,fusca
gs://{seu-projeto}-vcm/imgs/carros/fusca/0089.jpg,fusca
gs://{seu-projeto}-vcm/imgs/carros/fusca/0098.jpg,fusca
gs://{seu-projeto}-vcm/imgs/carros/fusca/0102.jpg,fusca
gs://{seu-projeto}-vcm/imgs/carros/fusca/0072.jpg,fusca
gs://{seu-projeto}-vcm/imgs/carros/fusca/0097.jpg,fusca
gs://{seu-projeto}-vcm/imgs/carros/fusca/0074.jpg,fusca
gs://{seu-projeto}-vcm/imgs/carros/fusca/0006.jpg,fusca
gs://{seu-projeto}-vcm/imgs/carros/fusca/0063.jpg,fusca
gs://{seu-projeto}-vcm/imgs/carros/fusca/0064.jpg,fusca
gs://{seu-projeto}-vcm/imgs/carros/fusca/0002.jpg,fusca
